APPLE 맥북프로 16 MVVK2KH/A,3159000 ,ESC버튼 환생! 반가운 키보드 레이아웃! 강력해진 신형 맥북프로,apple,1
APPLE 맥북프로 16 MVVJ2KH/A,2730000 ,ESC버튼 환생! 반가운 키보드 레이아웃! 강력해진 신형 맥북프로,apple,2
APPLE 맥북프로 16 MVVL2KH/A,2734000 ,ESC버튼 환생! 반가운 키보드 레이아웃! 강력해진 신형 맥북프로,apple,3
APPLE 맥북프로 2019년형 MV972KH/A,2011000 ,새로운 프로세서를 탑재한 2019 맥북프로13,apple,4
APPLE 맥북프로 2019년형 MV902KH/A,2349000 ,인텔 9세대 고성능 프로세서로 새롭게 선보이는 2019 맥북프로,apple,5
APPLE 맥북프로 16 MVVM2KH/A,3162000 ,ESC버튼 환생! 반가운 키보드 레이아웃! 강력해진 신형 맥북프로,apple,6
APPLE 맥북프로 2019년형 MUHP2KH/A,1619000 ,새로운 프로세서를 탑재한 2019 맥북프로13,apple,7
APPLE 맥북프로 2019년형 MV992KH/A,1769000 ,새로운 프로세서를 탑재한 2019 맥북프로13,apple,8
APPLE 맥북프로 16 MVVK2KH/A CTO,3251000 ,ESC버튼 환생! 반가운 키보드 레이아웃! 강력해진 신형 맥북프로,apple,9
APPLE 맥북에어 2019년형 MVFH2KH/A,1190000 ,,apple,10
APPLE 맥북프로 2019년형 MV962KH/A,1767000 ,새로운 프로세서를 탑재한 2019 맥북프로13,apple,11
APPLE 맥북에어 2019년형 MVFL2KH/A,1376000 ,,apple,12
APPLE 맥북에어 2019년형 MVFJ2KH/A,1437000 ,,apple,13
APPLE 맥북프로 2019년형 MV912KH/A,2899000 ,화끈한 퍼포먼스로 돌아온 2019 맥북프로,apple,14
APPLE 맥북프로 2019년형 MV922KH/A,2345000 ,인텔 9세대 고성능 프로세서로 새롭게 선보이는 2019 맥북프로,apple,15
APPLE 맥북프로 2017년형 MPXT2KH/A,1374000 ,인텔 7세대 프로세서로 강력하게 다시 태어난 2017년형 맥북프로,apple,16
APPLE 맥북프로 2019년형 MV9A2KH/A,1978000 ,새로운 프로세서를 탑재한 2019 맥북프로13,apple,17
APPLE 맥북프로 2019년형 MUHQ2KH/A,1427000 ,새로운 프로세서를 탑재한 2019 맥북프로13,apple,18
APPLE 맥북프로 2019년형 MV932KH/A,2828000 ,화끈한 퍼포먼스로 돌아온 2019 맥북프로,apple,19
APPLE 맥북프로 2019년형 MUHN2KH/A,1427000 ,새로운 프로세서를 탑재한 2019 맥북프로13,apple,20
APPLE 맥북프로 2019년형 MUHR2KH/A,1605000 ,새로운 프로세서를 탑재한 2019 맥북프로13,apple,21
APPLE 맥북에어 2019년형 MVFN2KH/A,1430000 ,,apple,22
APPLE 맥북프로 2018년형 MR9U2KH/A,1700000 ,남다른 차이! 성능과 기능이 대폭 향상된 2018 맥북프로,apple,23
APPLE 맥북에어 2019년형 MVFM2KH/A,1191000 ,,apple,24
APPLE 맥북에어 2018년형 MREF2KH/A,1287000 ,,apple,25
APPLE 맥북에어 2019년형 MVFK2KH/A,1191000 ,,apple,26
APPLE 맥북프로 2018년형 MR9V2KH/A,1890000 ,남다른 차이! 성능과 기능이 대폭 향상된 2018 맥북프로,apple,27
APPLE 맥북에어 2018년형 MRE82KH/A,1068000 ,,apple,28
APPLE 맥북프로 2017년형 MPXQ2KH/A,1179000 ,인텔 7세대 프로세서로 강력하게 다시 태어난 2017년형 맥북프로,apple,29
APPLE 맥북에어 2018년형 MRE92KH/A,1380000 ,시리즈 최초의 고화질 레티나 디스플레이와 개선된 디자인까지!,apple,30
레노버 아이디어패드 L340-15IRH i5 LEGEND,730000,가성비를 위한 인텔9세대 + GTX1650 조합의 보급형 게이밍노트북,레노버,31
레노버 LEGION Y540-15IRH i7 Blade Edition,1390000,레노버 대표 게이밍 시리즈가 인텔9세대로 더욱 강력하게!,레노버,32
레노버 LEGION Y540-15IRH i7 Prime Edition,1281000,레노버 대표 게이밍 시리즈가 인텔9세대로 더욱 강력하게!,레노버,33
레노버 아이디어패드 S340-15API R5,496000,완성도 높은 마감에 피카소 라이젠까지 탑재한 아이디어패드,레노버,34
레노버 LEGION Y530-15ICH i5 Special,635000,"커피레이크+GTX1050, 최대 32GB RAM확장 가능! 가성비 리전 게이밍",레노버,35
레노버 Yoga S740-14IIL Liberty i7,1350000,,레노버,36
레노버 LEGION Y540-15IRH i7 Prime,1153000,레노버 대표 게이밍 시리즈가 인텔9세대로 더욱 강력하게!,레노버,37
레노버 아이디어패드 S340-14IWL i7 Slim WIN10,700000,,레노버,38
레노버 아이디어패드 S145-15 CORE i CLASS,487000,,레노버,39
레노버 아이디어패드 S340-15IIL i7 Ten Slim,786000,,레노버,40
레노버 LEGION Y540-17IRH i7 Prime Edition,1440000,레노버 대표 게이밍 시리즈가 인텔9세대로 더욱 강력하게!,레노버,41
레노버 V130-15IKB 81HNA00CKR,288000,,레노버,42
레노버 LEGION Y540-15IRH i7 Blade,1259000,레노버 대표 게이밍 시리즈가 인텔9세대로 더욱 강력하게!,레노버,43
레노버 아이디어패드 S145-15 Picasso R3,335000,,레노버,44
레노버 아이디어패드 S540-14 Mighty i5,667000,,레노버,45
레노버 Yoga S730-13IWL 81J0004AKR,1098000,,레노버,46
레노버 아이디어패드 C340-14IWL Pen3 Whiskey,539000,,레노버,47
레노버 Yoga C740-15IML i7 Vibe,1380000,,레노버,48
레노버 아이디어패드 S340-14IWL i5 Slim MX W10,578000,,레노버,49
레노버 LEGION Y540-17IRH i7 Blade,1308000,레노버 대표 게이밍 시리즈가 인텔9세대로 더욱 강력하게!,레노버,50
레노버 Yoga C740-14IML i7 Vibe,1289000,,레노버,51
레노버 아이디어패드 L340-15IRH i7 LEGEND,945000,,레노버,52
레노버 LEGION Y540-15IRH i7 Prime 2060 W10P,1404000,레노버 대표 게이밍 시리즈가 인텔9세대로 더욱 강력하게!,레노버,53
레노버 Yoga C740-14IML i5 Vibe,1061000,,레노버,54
레노버 아이디어패드 S340-14IIL i7 Ten Slim,798000,,레노버,55
레노버 씽크패드 E590 20NB0042KR,944000,,레노버,56
레노버 아이디어패드 330-15ICH i5 Quad WIN10,658000,코어급 리얼 쿼드코어와 GTX그래픽으로 구성된 높은 가성비,레노버,57
레노버 아이디어패드 S340-15IIL i7 Ten Slim WIN10,869000,,레노버,58
레노버 LEGION Y545-15 i7 2060,1427000,,레노버,59
레노버 아이디어패드 L340-17IRH I5 LEGEND,870000,,레노버,60
삼성전자 갤럭시북 이온 NT950XCJ-X716A,2060000,고급스러운 외관과 진보한 성능! 무선 배터리 공유까지!,삼성전자,61
삼성전자 갤럭시북 이온 NT950XCR-G58A,1528000,,삼성전자,62
삼성전자 갤럭시북 이온 NT930XCR-A58A,1390000,,삼성전자,63
삼성전자 갤럭시북 플렉스 NT930QCG-K716A,2370000,,삼성전자,64
삼성전자 갤럭시북 플렉스 NT930QCT-A38A,1397000,,삼성전자,65
삼성전자 노트북5 NT500R5Z-K58BA,555000,,삼성전자,66
삼성전자 2019 노트북9 Always NT930XBV-A58A WIN10,1230000,,삼성전자,67
삼성전자 노트북5 metal NT560XAA-K58A,922000,,삼성전자,68
삼성전자 노트북5 NT550EBZ-AD5A WIN10,840000,,삼성전자,69
삼성전자 2019 노트북9 Always NT930XBE-K58,1340000,,삼성전자,70
삼성전자 갤럭시북 이온 NT930XCJ-K716A,1888000,,삼성전자,71
삼성전자 갤럭시북 이온 NT950XCR-A58A,1451000,,삼성전자,72
삼성전자 2019 노트북 Pen S NT950SBE-X58A,1637000,2배 향상된 S펜으로 더욱 완벽해진 노트북Pen S,삼성전자,73
삼성전자 Odyssey NT850XBC-X719A,2043000,,삼성전자,74
삼성전자 노트북7 NT750XBV-A39A,766000,,삼성전자,75
삼성전자 갤럭시북 플렉스 NT950QCT-A58A,1680000,,삼성전자,76
삼성전자 2019 노트북9 Always NT950XBE-X716A,1774000,"UFS 지원에 향상된 성능, 강력한 배터리까지! 2019 삼성 올웨이즈",삼성전자,77
삼성전자 노트북7 NT730XBV-A28A,635000,,삼성전자,78
삼성전자 노트북5 NT500R5Z-K58A,555000,기본기에 충실한 올 화이트 감성 노트북5,삼성전자,79
삼성전자 2019 노트북9 Always NT930XBV-A58A,1187000,,삼성전자,80
삼성전자 노트북5 NT550EBV-AD5A,735000,,삼성전자,81
삼성전자 갤럭시북 플렉스 NT950QCG-X58A,2237000,,삼성전자,82
삼성전자 2019 노트북 Pen S NT930SBE-K38A,1262000,2배 향상된 S펜으로 더욱 완벽해진 노트북Pen S,삼성전자,83
삼성전자 갤럭시북S SM-W767NZADKOO,1221000,,삼성전자,84
삼성전자 갤럭시북 이온 NT930XCR-A38A,1169000,,삼성전자,85
삼성전자 노트북9 metal NT900K3Z-KD3A,790000,,삼성전자,86
삼성전자 노트북7 NT750XBV-G717A,1342000,,삼성전자,87
삼성전자 2019 노트북 Pen S NT930SBE-K38,1319000,2배 향상된 S펜으로 더욱 완벽해진 노트북Pen S,삼성전자,88
삼성전자 노트북7 Force NT760XBV-G78A,1399000,,삼성전자,89
삼성전자 Odyssey Z NT850XAC-X716,1589000,새로워진 메탈 슬림 디자인에 최적화된 게이밍 성능과 편의성까지!,삼성전자,90
